epiais-lès-louvres,épiais-lès-louvres
epoye,époye
sainte-lunaise,sainte-lunaise
eblange,éblange
schoenbourg,schoenbourg
cour-l'evêque,cour-l'évêque
ecardenville-la-campagne,écardenville-la-campagne
brignogan-plage,brignogan-plages
ecuelles,écuelles
neuve-eglise,neuve-église
croisances,croisances
saint-aubin-epinay,saint-aubin-épinay
saint-etienne-de-boulogne,saint-étienne-de-boulogne
evrecy,évrecy
fresnes-lès-reims,fresne-lès-reims
vitrac-en-viadène,vitrac-en-viadène
mont-de-l'if,mont-de-l'if
evans,évans
epargnes,épargnes
saint-pierre-eglise,saint-pierre-église
frohen-le-grand,frohen-le-grand
eturqueraye,éturqueraye
etagnac,étagnac
bayenghem-lès-eperlecques,bayenghem-lès-éperlecques
echenay,échenay
epouville,épouville
sardy-lès-epiry,sardy-lès-épiry
eraville,éraville
koumac,koumac
manthelon,manthelon
saint-pierre-les-etieux,saint-pierre-les-étieux
eguelshardt,éguelshardt
bard-lès-epoisses,bard-lès-époisses
mercurol,mercurol
le mayet-d'ecole,le mayet-d'école
thiron gardais,thiron-gardais
etoges,étoges
la chapelle-réanville,la chapelle-réanville
les echelles,les échelles
alpuech,alpuech
saint-martin-d'ecublei,saint-martin-d'écublei
voh,voh
le mesnil-raoult,le mesnil-raoult
vieille-eglise,vieille-église
rebecques,rebecques
saint-etienne-des-oullières,saint-étienne-des-oullières
escueillens-et-saint-just-de-béleng,escueillens-et-saint-just-de-bélengard
meyssiès,meyssiez
saint-maixent-l'ecole,saint-maixent-l'école
ecouis,écouis
damville,damville
treffort-cuisiat,treffort-cuisiat
vincy-manoeuvre,vincy-manœuvre
epineuse,épineuse
egliseneuve-près-billom,égliseneuve-près-billom
saint-etienne-du-valdonnez,saint-étienne-du-valdonnez
theix,theix
saint-germain-sur-ecole,saint-germain-sur-école
ezanville,ézanville
ecorpain,écorpain
graissac,graissac
chatonnay,châtonnay
durfort-et-saint-martin-de-sossena,durfort-et-saint-martin-de-sossenac
martainville-epreville,martainville-épreville
entremont,entremont
talmont,talmont
villosanges,villossanges
equirre,équirre
emagny,émagny
echevis,échevis
boissy-maugis,boissy-maugis
la folletière,la folletière
ecaillon,écaillon
egly,égly
ecuillé,écuillé
le sacq,le sacq
aubermesnil-aux-erables,aubermesnil-aux-érables
l'eguille-sur-seudre,l'éguille-sur-seudre
ile-tudy,île-tudy
cazaril-laspènes,cazarilh-laspènes
pronville,pronville
l'epine,l'épine
saint-pierre-d'allevard,saint-pierre-d'allevard
corneuil,corneuil
flins-neuve-eglise,flins-neuve-église
etueffont,étueffont
cannes-ecluse,cannes-écluse
martin-eglise,martin-église
boën,boën-sur-lignon
larrivière,larrivière-saint-savin
saint-etienne-au-temple,saint-étienne-au-temple
epercieux-saint-paul,épercieux-saint-paul
roëzé-sur-sarthe,roézé-sur-sarthe
bourgtheroulde-infreville,bourgtheroulde-infréville
pelvoux,pélvoux
ecouché,écouché
morsalines,morsalines
creste,creste
crévin,crevin
santoche,santoche
etival-clairefontaine,étival-clairefontaine
saint-ebremond-de-bonfossé,saint-ébremond-de-bonfossé
felluns,feilluns
echouboulains,échouboulains
eletot,életot
echenon,échenon
schoenau,schœnau
nonette,nonette
noirmoutier-en-l'ile,noirmoutier-en-l'île
eloyes,éloyes
etaimpuis,étaimpuis
tancua,tancua
le bono,bono
edon,édon
les costes,les costes
argoeuves,argœuves
echalot,échalot
hodenc-l'evêque,hodenc-l'évêque
etrabonne,étrabonne
courtonne-les-deux-eglises,courtonne-les-deux-églises
ecurat,écurat
echemines,échemines
egry,égry
morannes,morannes
lentillac-lauzès,lentillac-lauzès
riec-sur-belon,riec-sur-bélon
clerval,clerval
saint-etienne-du-grès,saint-étienne-du-grès
saint-hymetière,saint-hymetière
equennes-eramecourt,équennes-éramecourt
epinay-sur-orge,épinay-sur-orge
le bouchet,le bouchet
rogny-les-sept-ecluses,rogny-les-sept-écluses
eréac,éréac
notre-dame-de-la-rouvière,notre-dame-de-la-rouvière
ecos,écos
saint-etienne-sur-reyssouze,saint-étienne-sur-reyssouze
eclose,éclose
saint-georges-des-hurtières,saint-georges-d’hurtières
echalou,échalou
erize-saint-dizier,érize-saint-dizier
coux-et-bigaroque,coux-et-bigaroque
magnat-l'etrange,magnat-l'étrange
champetières,champétières
epaignes,épaignes
lebreil,lébreil
ecuélin,écuélin
emanville,émanville
saint-bon-tarentaise,saint-bon-tarentaise
eguilles,éguilles
saintotzheim,saintotzheim
moeurs-verdey,mœurs-verdey
saint-etienne-de-lugdarès,saint-étienne-de-lugdarès
pruillé-l'eguillé,pruillé-l'éguillé
saint-eloi-de-fourques,saint-éloi-de-fourques
vernoil,vernoil-le-fourrier
bézu-saint-eloi,bézu-saint-éloi
cantenac,canténac
escoeuilles,escœuilles
le guédéniau,le guédéniau
val-d auge,val-d'auge
lasserade,lasserrade
ecoivres,écoivres
hanc,hanc
condé-sur-iton,condé-sur-iton
etienville,étienville
issy-l'evêque,issy-l'évêque
dissé-sous-ballon,dissé-sous-ballon
saint-etienne-de-cuines,saint-étienne-de-cuines
saint-elix,saint-élix
vaire-arcier,vaire-arcier
blies-ebersing,blies-ébersing
marchaux,marchaux
l'ile-bouchard,l'île-bouchard
les eglises-d'argenteuil,les églises-d'argenteuil
château-l'evêque,château-l'évêque
eclans-nenon,éclans-nenon
grossoeuvre,grossœuvre
valprionde,valprionde
ecoust-saint-mein,écoust-saint-mein
epinay,épinay
vaux-les-prés,vaux-les-prés
etouy,étouy
saint-etienne-lès-remiremont,saint-étienne-lès-remiremont
vaux-en-couhé,vaux-en-couhé
vieille-eglise-en-yvelines,vieille-église-en-yvelines
bellou-sur-huisne,bellou-sur-huisne
etouars,étouars
saint-eloy-les-mines,saint-éloy-les-mines
equancourt,équancourt
caudeval,caudeval
les eduts,les éduts
saint-pierre-des-echaubrognes,saint-pierre-des-échaubrognes
livré,livré
etrez,étrez
onesse-et-laharie,onesse-laharie
saint-elier,saint-élier
valleraugue,valleraugue
moorea-maiao,moorea-maiao
fontaine-l'etalon,fontaine-l'étalon
oeuilly,œuilly
epinouze,épinouze
corme-ecluse,corme-écluse
ile-d'aix,île-d'aix
saint-etienne-de-chomeil,saint-étienne-de-chomeil
châlons,châlons
eculleville,éculleville
courcebœuf,courcebœufs
eply,éply
epeigné-les-bois,épeigné-les-bois
lacalm,lacalm
noisy-sur-ecole,noisy-sur-école
eclaibes,éclaibes
ecole,école
epineu-le-chevreuil,épineu-le-chevreuil
vogué,vogüé
olonne-sur-mer,olonne-sur-mer
gadancourt,gadancourt
saint-etienne-sur-usson,saint-étienne-sur-usson
eloise,éloise
etretat,étretat
saint-etienne-en-coglès,saint-étienne-en-coglès
woerth,wœrth
zoebersdorf,zœbersdorf
saint-eman,saint-éman
eterville,éterville
roquestéron-grasse,roquestéron-grasse
fiquefleur-equainville,fiquefleur-équainville
saint-etienne-la-cigogne,saint-étienne-la-cigogne
echilleuses,échilleuses
pérignat-ès-allier,pérignat-sur-allier
thuit-hébert,thuit-hébert
niederroedern,niederrœdern
hoenheim,hœnheim
evran,évran
knoersheim,knœrsheim
calleville-les-deux-eglises,calleville-les-deux-églises
nouméa,nouméa
berre-des-alpes,berre-les-alpes
demange-aux-eaux,démange-aux-eaux
paimboeuf,paimbœuf
oncy-sur-ecole,oncy-sur-école
l'etoile,l'étoile
villiers-en-désoeuvre,villiers-en-désœuvre
saint-angeau,saint-angeau
saint-martin-de-bienfaite-la-cresso,saint-martin-de-bienfaite-la-cressonnière
sévrier,sevrier
knoeringue,knœringue
quoeux-haut-maînil,quœux-haut-maînil
epeautrolles,épeautrolles
dieffenbach-lès-woerth,dieffenbach-lès-wœrth
ecly,écly
eclance,éclance
erondelle,érondelle
flaugeac,flaugeac
graignes,graignes
epervans,épervans
chivy-lès-etouvelles,chivy-lès-étouvelles
saint-génard,saint-génard
chauffayer,chauffayer
egligny,égligny
egliseneuve-d'entraigues,égliseneuve-d'entraigues
saint-jean-de-boeuf,saint-jean-de-bœuf
cernay-l'eglise,cernay-l'église
lachaussée-du-bois-d'ecu,lachaussée-du-bois-d'écu
pont-l'evêque,pont-l'évêque
ebréon,ébréon
villers-ecalles,villers-écalles
caumont-l'eventé,caumont-l'éventé
saint-etienne-de-l'olm,saint-étienne-de-l'olm
saint-epain,saint-épain
noeux-les-mines,nœux-les-mines
bosgouët,bosgouet
crançot,crançot
rucqueville,rucqueville
oberroedern,oberrœdern
saint-etienne-de-chigny,saint-étienne-de-chigny
exideuil,éxideuil
l'echelle,l'échelle
croettwiller,crœttwiller
ecouen,écouen
çaloire,caloire
egleny,égleny
voellerdingen,vœllerdingen
chisséria,chisséria
parigné-l'evêque,parigné-l'évêque
saint-julien-boutières,saint-julien-boutières
ecorcei,écorcei
ecouviez,écouviez
equemauville,équemauville
amblie,amblie
saint-denis-du-béhélan,saint-denis-du-béhélan
equihen-plage,équihen-plage
etupes,étupes
etusson,étusson
epagne-epagnette,épagne-épagnette
epône,épône
pont-de-roide,pont-de-roide
escaudoeuvres,escaudœuvres
ile-de-sein,île-de-sein
germigny-l'evêque,germigny-l'évêque
vosbles,vosbles
saint-mars-sous-ballon,saint-mars-sous-ballon
elincourt-sainte-marguerite,élincourt-sainte-marguerite
raon-l'etape,raon-l'étape
ecretteville-sur-mer,écretteville-sur-mer
saint-alban-des-hurtières,saint-alban-d'hurtières
echassières,échassières
evaillé,évaillé
poule-les-echarmeaux,poule-les-écharmeaux
ile-d'arz,île-d'arz
aunac,aunac
lugon-et-l'ile-du-carnay,lugon-et-l'île-du-carnay
saint-marcel-l'eclairé,saint-marcel-l'éclairé
moernach,mœrnach
ecrouves,écrouves
arbis,arbis
fétigny,fétigny
saint-martin-sur-ecaillon,saint-martin-sur-écaillon
etaing,étaing
bonneville-et-saint-avit-de-fumadiè,bonneville-et-saint-avit-de-fumadières
tombeboeuf,tombebœuf
fresnay-l'evêque,fresnay-l'évêque
ecueillé,écueillé
putanges-pont-ecrepin,putanges-pont-écrepin
blot-l'eglise,blot-l'église
saint-etienne-de-brillouet,saint-étienne-de-brillouet
fay-lès-nemours,faÿ-lès-nemours
saint-blin-semilly,saint-blin-semilly
evricourt,évricourt
ecaquelon,écaquelon
woelfling-lès-sarreguemines,wœlfling-lès-sarreguemines
egreville,égreville
etriché,étriché
la chapelle-saint-etienne,la chapelle-saint-étienne
saint-etienne-du-gué-de-l'isle,saint-étienne-du-gué-de-l'isle
ile des pins,l’île des pins
mirebel,mirebel
miraval-cabardes,miraval-cabardès
evaux-et-ménil,évaux-et-ménil
ebreuil,ébreuil
saint-laurent-la-roche,saint-laurent-la-roche
nay-bourdettes,nay-bourdettes
salleboeuf,sallebœuf
evian-les-bains,évian-les-bains
coudekerque,coudekerque
etouvy,étouvy
echavanne,échavanne
athesans-etroitefontaine,athesans-étroitefontaine
dumbéa,dumbéa
montcorbon,montcorbon
tresboeuf,tresbœuf
etricourt-manancourt,étricourt-manancourt
etrechet,étrechet
pioussay,pioussay
ecorches,écorches
gouberville,gouberville
etrelles-sur-aube,étrelles-sur-aube
miribel-les-echelles,miribel-les-échelles
terrasson-la-villedieu,terrasson-lavilledieu
les ecrennes,les écrennes
pézy,pézy
saint-didier-sous-ecouves,saint-didier-sous-écouves
clux,clux
vendoeuvres,vendœuvres
episy,épisy
arthenas,arthenas
evreux,évreux
guipry,guipry
crèvecoeur-le-petit,crèvecœur-le-petit
juan-les-pins,juan
creully,creully
meyrieu-les-etangs,meyrieu-les-étangs
erôme,erôme
banassac,banassac
la bastide-l'evêque,la bastide-l'évêque
echourgnac,échourgnac
lucenay-l'evêque,lucenay-l'évêque
ebaty,ébaty
plan-de-la-tour,le plan-de-la-tour
ruy,ruy-montceau
epinay-sur-odon,épinay-sur-odon
saint-etienne-de-mer-morte,saint-étienne-de-mer-morte
etrigny,étrigny
dunières-sur-eyrieux,dunières-sur-eyrieux
etel,étel
castelnau-d'auzan,castelnau-d'auzan
la haye-fouassière,la haie-fouassière
saint-etienne-de-maurs,saint-étienne-de-maurs
saint-gervais-les-trois-clocher,saint-gervais-les-trois-clochers
sancey-le-long,sancey-le-long
eglise-neuve-de-vergt,église-neuve-de-vergt
saint-etienne-aux-clos,saint-étienne-aux-clos
saint-etienne-de-crossey,saint-étienne-de-crossey
kirrwiller-bosselshausen,kirrwiller-bosselshausen
epagne,épagne
saint-pierre-de-l'ile,saint-pierre-de-l'isle
eveux,éveux
saint-mars-d'egrenne,saint-mars-d'égrenne
etainhus,étainhus
elan,élan
ecardenville-sur-eure,écardenville-sur-eure
epinay-sous-sénart,épinay-sous-sénart
benqué,benqué
dzaoudzi labattoir,dzaoudzi labattoir
castels,castels
roeschwoog,roeschwoog
echiré,échiré
ecauville,écauville
etréaupont,étréaupont
roeulx,rœulx
ecommoy,écommoy
mont-saint-eloi,mont-saint-éloi
morcenx,morcenx
etréham,étréham
etang-sur-arroux,étang-sur-arroux
sévérac-l'eglise,sévérac-l'église
saint-gineis-en-coiron,saint-gineys-en-coiron
etoile-sur-rhône,étoile-sur-rhône
bort-l'etang,bort-l'étang
guitalens,guitalens-l'albarède
fêche-l'eglise,fêche-l'église
voeuil-et-giget,vœuil-et-giget
crèvecoeur-en-brie,crèvecœur-en-brie
eze,èze
verneuil-l'etang,verneuil-l'étang
reignier,reignier-ésery
barisis,barisis-aux-bois
les etilleux,les étilleux
betting-lès-saint-avold,betting
aïti,aiti
argenton-l'eglise,argenton-l'église
le gault-perche,le gault-du-perche
ports,ports-sur-vienne
aÿ,ay
trédrez,trédrez-locquémeau
l'ile-d'elle,l'île-d'elle
champdeniers-saint-denis,champdeniers
montgailhard,montgaillard
eragny-sur-oise,éragny
grandchain,granchain
castellet,le castellet
saint-ange-le-vieil,saint-ange-le-viel
la boissière-sur-evre,la boissière-sur-èvre
boësse,boësses
marcy-l'etoile,marcy-l'étoile
cerisy-belle-etoile,cerisy-belle-étoile
lainville,lainville-en-vexin
saincaize-gare,saincaize-meauce
chalençon,chalencon
clarafond,clarafond-arcine
izel-les-hameaux,izel-lès-hameau
le castellard-melan,le castellard-mélan
château-chinon-ville,château-chinon (ville)
les cerqueux-de-maulévrier,les cerqueux
templeuve,templeuve-en-pévèle
villiers-saint-fréderic,villiers-saint-frédéric
roquesteron,roquestéron
escorneboeuf,escornebœuf
sauxemesnil-ruffosses,saussemesnil
brézolles,brezolles
estouteville-ecalles,estouteville-écalles
le haucourt,haucourt
peumérit,peumerit
abries,abriès
le mont-dore,mont-dore
leschelles,leschelle
wallers-trélon,wallers-en-fagne
sainte-croix-de-verdon,sainte-croix-du-verdon
lasgraïsses,lasgraisses
la ferté-macé,la ferté macé
les eparres,les éparres
aubeville,aubeville
arnouville-lès-gonesse,arnouville
ozouër-le-voulgis,ozouer-le-voulgis
meulan,meulan-en-yvelines
auzat-sur-allier,auzat-la-combelle
bors de montmoreau,bors 
couffi,couffy
bryas,brias
cré,cré-sur-loir
saint-méloir,saint-méloir-des-bois
la génétouze,la genétouze
bandrélé,bandrele
l' etang-la-ville,l'étang-la-ville
le falga,falga
siccieu-saint-julien-et-carisie,siccieu-saint-julien-et-carisieu
javerlhac-et-la-chapelle-st-robert,javerlhac-et-la-chapelle-saint-robert
la chapelle-viviers,chapelle-viviers
saint-béat,saint-béat-lez
les gêts,les gets
les eglisottes-et-chalaures,les églisottes-et-chalaures
la vacquerie-et-saint-martin-de-cas,la vacquerie-et-saint-martin-de-castries
le may-sur-evre,le may-sur-èvre
saint-christol-lès-alès,saint-christol-lez-alès
le guilvinec,guilvinec
saint-remy-en-bouzemont-saint-genes,saint-remy-en-bouzemont-saint-genest-et-isson
saint-yvy,saint-yvi
aux-marais,aux marais
sylvains-les-moulins,sylvains-lès-moulins
st-quentin-la-motte-croix-au-bailly,saint-quentin-la-motte-croix-au-bailly
vauxreziz,vauxrezis
retonféy,retonfey
maré,maré
lue,lüe
belbèse,belbèze-en-lomagne
herblay,herblay-sur-seine
